{"32b8a33e-f890-4924-b02c-29a265376ff0":{"id":"32b8a33e-f890-4924-b02c-29a265376ff0","title":"Buy milk","startAt":"2026-08-12T13:30:00Z","priority":"low","reminder":null},"660afd17-840f-42f3-bf73-1d6dd533c91e":{"id":"660afd17-840f-42f3-bf73-1d6dd533c91e","title":"Happy new year","startAt":"2025-12-31T23:59:00Z","priority":"high","reminder":null},"8cca105c-e7d0-4def-90e2-7f128f9a6c69":{"id":"8cca105c-e7d0-4def-90e2-7f128f9a6c69","title":"write a code","startAt":"2025-08-12T15:50:00Z","priority":"high","reminder":null},"c07fe983-7e18-4913-a98d-62be0d4387bf":{"id":"c07fe983-7e18-4913-a98d-62be0d4387bf","title":"Do homework","startAt":"2026-01-11T15:50:00Z","priority":"medium","reminder":null}}